LOAD,PART,SSOL-FootSidePl,80
LOAD,PART,SSOL-TLnkBar,70
LOAD,PART,PHD-6900-TlinkCap,104
LOAD,PART,SSOL-LoHBraceLnk,59
LOAD,PART,SBXD-C2OuterLe,19
LOAD,PART,SBXD-C2OuterRt,18
LOAD,PART,PHD-6900-GBPlate,91
LOAD,PART,PF-LoHangRail,52
LOAD,PART,SSOL-LoH,35
LOAD,PART,SBXD-CtrBltPl,32
LOAD,PART,GRAP-MR-LidCylMt,50
LOAD,PART,SBLS-73-LoHInner,38
LOAD,PART,SBLS-53T-MBTltPinMtPl,14
LOAD,PART,PHD-6900-HoopLink,83
LOAD,PART,SBLS-53T-LoHOuter,19
LOAD,PART,BB12-SidePlGus,34
LOAD,PART,PLOW-UpperHBltBracket,26
LOAD,PART,PLOW-LoHLe,18
LOAD,PART,PLOW-LoHRt,16
LOAD,PART,PDLS-01-CovPl,42
LOAD,PART,SBLS-53T-HitchPinPl,10
LOAD,PART,SBLS-53T-RearPivBasePl,14
LOAD,PART,SBLS-53T-AngPlGus,12
LOAD,PART,SBLS-53T-TiltPlRiser,17
LOAD,PART,SBLS-53T-TltPinBolt Pl,12
LOAD,PART,SBLS-53T-ShftSupportPst,12
LOAD,PART,BB12-C2InnerLe,17
LOAD,PART,BB12-C2InnerRt,17
LOAD,PART,PHD-6900HD-GBPlate,31
LOAD,PART,PF-UpperHangRail,31
LOAD,PART,PDLS-01-TractorLnk,41
LOAD,PART,SBLS-73-TpLnkFrame,9
LOAD,PART,SBLS-53T-UpperHPinBr,9
LOAD,PART,BB12-C2OuterLe,16
LOAD,PART,BB12-C2OuterRt,16
LOAD,PART,BC60-TailWhlArms,16
LOAD,PART,BC60-HitchBrace,40
LOAD,PART,CPMT-AngPl,30
LOAD,PART,CPTH-TubeHBrace,30
LOAD,PART,DHLB-ArmPivPl,24
LOAD,PART,LL-LoHC2,70
LOAD,PART,PLOW-CP-PlowLeg,30
LOAD,PART,PLOW-LndSlide,16
LOAD,PART,PLOW-PlwBottLnkPl,48
LOAD,PART,PLOW-PlwLeg,40
LOAD,PART,PLOW-UpperHBr,10
LOAD,PART,PLOW-UpperHitchHorizBr,20
LOAD,PART,PLOW-UpperHitchLe,16
LOAD,PART,PLOW-UpperHitchRt,16
LOAD,PART,PHD-6900-BackBone,40
LOAD,PART,PHD-6900-TractorLink,40
LOAD,PART,PULV-ClodRollPivArm,16
LOAD,PART,PULV-ClodRollPivShftMt,24
LOAD,PART,PULV-DbleRollerBracket,16
LOAD,PART,FERR-SQASidePl,16
LOAD,PART,FERR-SQABottPl,16
LOAD,PART,FERR-BottTineInner,24
LOAD,PART,FERR-CylClaw,16
LOAD,PART,FERR-SQABottPlFixedMt,40
LOAD,PART,FERR-ClawShort,16
LOAD,PART,FERR-SQAInnerLidHng,16
LOAD,PART,SBVB-MBTltPl,20
LOAD,PART,SBXD-TltPl,16
LOAD,PART,FERR-BottTineOuter,12
LOAD,PART,GRAP-MR-LidHng,32
LOAD,PART,BB12-4075-SidePl,16
LOAD,PART,BB12-60125-SidePL,8
LOAD,PART,100HP ShankBack ,32
LOAD,PART,GRAP-MR-CylMt-LAM-SING,12
LOAD,PART,BBLS-21-LoHInner,12
LOAD,PART,LLLS-51-LoH,20
LOAD,PART,FEL-HD-PFSK,8
LOAD,PART,GRAP-LG-LoOutsideTine,4
LOAD,PART,GRAP-LG-LoInnerTine,12
LOAD,PART,GRAP-LG-LidHng,8
LOAD,PART,GRAP-LG-LidTine,8
LOAD,PART,GRAP-LG-LoTineGus,28
LOAD,PART,GRAP-LG-TineSaw,16
LOAD,PART,GRAP-LG-MidTineSaw,4
LOAD,PART,SBLS-53T-FrtHydTab,12
LOAD,PART,LRLS-53T-PinCtrPl,8
LOAD,PART,LS-WRRG-66-TopTubePost,20
LOAD,PART,LS-66-JDTopHitch,16
LOAD,PART,LS-66-JDMtPl,8
LOAD,PART,PULV-LoH-CatIII,12
LOAD,PART,BC60-GrBxMtPl,9
LOAD,PART,BB12-60125-84HB-RearAngle,3
LOAD,PART,LLLS-51-LoHOuter,19
LOAD,PART,SCAR-LS-AuxLoHLatch,3
LOAD,PART,LS-66-WRRG-BottCylMnt,19
LOAD,PART,CPTH-HArmLeft,28
LOAD,PART,CPTH-HArmRight,28
LOAD,PART,PULV-LoH,8
LOAD,PART,BBLS-21-UpperHLe,10
LOAD,PART,BBLS-21-UpperHRt,10
LOAD,PART,GRAP-MR-JDLidHng,14
LOAD,PART,FEL-HD-LowerMt,6
LOAD,PART,FEL-HD-UpperHook,6
LOAD,PART,FEL-HD-WearPl,18
LOAD,PART,GRAP-MR-MtPl-JD500,10
LOAD,PART,GRAP-MR-CylMt-JD500,6
LOAD,PART,PLOW-DbleBr,18
LOAD,PART,PFSK-Wf-LoHangRail,2
LOAD,PART,EURO-LowerMt-LAM,6
LOAD,PART,GRAP-MR-CylMt,13
LOAD,PART,BB12-60125HB-MBBrace,29
LOAD,PART,SB2560-PivBossBack,27
LOAD,PART,PHD-7500-Backbone,20
LOAD,PART,FERR-UpperSQAMt,12
LOAD,PART,GRAP-MR-CylMt-LAM,12
LOAD,PART,GRAP-MR-CylMt-LAM-JD500,4
LOAD,PART,PLOW-DbleLndSlide,15
LOAD,PART,SBXD-BlPivMt,25
LOAD,PART,GRAP-LG-CylMtLam,3
LOAD,PART,PHD-7500-TbePivLnk,42
LOAD,PART,PULV-CompBarGuideTopRt,4
LOAD,PART,FERR-ClawLng,10
LOAD,PART,FERR-OuterTineGus,14
LOAD,PART,FERR-JDInnerLidHng,2
LOAD,PART,FERR-JDUpperHitch,6
LOAD,PART,PULV-CompBarGuideTopLe,3
LOAD,PART,PF-JD500-UpperH,17
LOAD,PART,EURO-HITCH-PLATE,1
LOAD,PART,EURO-HD-UPPERHOOK-LAM,2
LOAD,PART,BU-SwgArmHydLnkMt,13
LOAD,PART,BB12-60125HB-RearAngBr,21
LOAD,PART,BU-LoHInside,12
LOAD,PART,BU-LoHOutside,12
LOAD,PART,BU-HydCatch,12
LOAD,PART,BU-SwgArmHydLnk,12
LOAD,PART,BU-SidePl,12
LOAD,PART,BU-46-SpikeSwiv,12
LOAD,PART,GUS-LoHIntGusset,12
LOAD,PART,53T-TelTubeEndPlate,28
LOAD,PART,BU-MnTbeHydLnk,11
LOAD,PART,BB12-60125-ScarifierMtBack,23
LOAD,PART,BU-46-ArmStop,10
LOAD,PART,BU-46-SwgArmHydLnk,10
LOAD,PART,PHD-7500TLinkCap,6
LOAD,PART,BU-46-MnTbeHydLnk,8
LOAD,PART,BU-46-BailStop,5
LOAD,PART,PLOW-GaWhlMntPlate,20
LOAD,PART,BU-SwgArmMt,24
LOAD,PART,53T-TelTubePinMt,15
LOAD,PART,SB2560-PivBossStem,5
LOAD,PART,PFSK-UpperHPl,25
LOAD,PART,BB12-60125HB-StopGUs,7
LOAD,PART,GB-ToothHolder,50
