LOAD,PART,SSOL-FootSidePl,40
LOAD,PART,SSOL-TLnkBar,30
LOAD,PART,PHD-6900-TlinkCap,24
LOAD,PART,SBXD-C2OuterLe,19
LOAD,PART,SSOL-LoHBraceLnk,19
LOAD,PART,SBXD-C2OuterRt,18
LOAD,PART,PF-LoHangRail,17
LOAD,PART,PHD-6900-GBPlate,17
LOAD,PART,SSOL-LoH,15
LOAD,PART,SBXD-CtrBltPl,12
LOAD,PART,GRAP-MR-LidCylMt,10
LOAD,PART,SBLS-73-LoHInner,6
LOAD,PART,SBLS-53T-MBTltPinMtPl,4
LOAD,PART,SBLS-53T-LoHOuter,3
LOAD,PART,PHD-6900-HoopLink,3
LOAD,PART,SBLS-53T-TltPinBolt Pl,2
LOAD,PART,SBLS-53T-TiltPlRiser,2
LOAD,PART,SBLS-53T-AngPlGus,2
LOAD,PART,PLOW-UpperHBltBracket,2
LOAD,PART,SBLS-53T-RearPivBasePl,2
LOAD,PART,SBLS-53T-HitchPinPl,2
LOAD,PART,PDLS-01-CovPl,2
LOAD,PART,SBLS-53T-ShftSupportPst,2
LOAD,PART,BB12-SidePlGus,2
LOAD,PART,PLOW-LoHLe,2
LOAD,PART,PLOW-LoHRt,2
LOAD,PART,SBLS-73-TpLnkFrame,1
LOAD,PART,BB12-C2InnerRt,1
LOAD,PART,SBLS-53T-UpperHPinBr,1
LOAD,PART,PDLS-01-TractorLnk,1
LOAD,PART,BB12-C2InnerLe,1
LOAD,PART,PF-UpperHangRail,1
LOAD,PART,PHD-6900HD-GBPlate,1
