LOAD,PART,XD-Wicked-Shank-Back,573
LOAD,PART,AR Shank Tip,643
LOAD,PART,LS-66-WRRG-BotInnerTine,211
LOAD,PART,LS-60-WRRG-SmInnerTine,184
LOAD,PART,LS-60-WRRG-BotInnerTine,212
LOAD,PART,LS-66-WRRG-TopOuterTine,121
LOAD,PART,LS-60-WRRG-TopOuterTine,140
LOAD,PART,Shank Tip-BB12,165
LOAD,PART,LS-54-TopOuterTine,117
LOAD,PART,LS-66-WRRG-BotOuterTine,60
LOAD,PART,LS-60-WRRG-BotOuterTine,70
LOAD,PART,WTB-60-MnBar-375,4
LOAD,PART,WK-CP-BK-CuttingEdge-60,4
LOAD,PART,FERR-EndTineTip,49
LOAD,PART,WTB-78-MnBar-375,3
LOAD,PART,WK-CP-BK-CuttingEdge-78,3
LOAD,PART,WTB-72-MnBar-375,3
LOAD,PART,WK-CP-BK-CuttingEdge-72,3
LOAD,PART,WK-CP-BK-54-SmoothEdge,2
LOAD,PART,WTB-66-MnBar-375,3
LOAD,PART,WK-CP-BK-CuttingEdge-66,3
LOAD,PART,WTB-54-MnBar-375,3
LOAD,PART,WK-CP-BK-CuttingEdge-54,3
LOAD,PART,WTB-48-MnBar-375,3
LOAD,PART,WK-CP-BK-CuttingEdge-48,3
LOAD,PART,BC72 Stump Jumper,16
LOAD,PART,WK-CP-BK-60-SmoothEdge,1
