LOAD,PART,XD-Wicked-Shank-Back,433
LOAD,PART,AR Shank Tip,443
LOAD,PART,LS-66-WRRG-BotInnerTine,176
LOAD,PART,LS-60-WRRG-SmInnerTine,164
LOAD,PART,LS-60-WRRG-BotInnerTine,182
LOAD,PART,LS-66-WRRG-TopOuterTine,101
LOAD,PART,LS-60-WRRG-TopOuterTine,120
LOAD,PART,Shank Tip-BB12,101
LOAD,PART,LS-54-TopOuterTine,97
LOAD,PART,LS-60-WRRG-BotOuterTine,60
LOAD,PART,LS-66-WRRG-BotOuterTine,50
LOAD,PART,WK-CP-BK-CuttingEdge-60,3
LOAD,PART,FERR-EndTineTip,25
LOAD,PART,WTB-60-MnBar-375,3
LOAD,PART,WTB-78-MnBar-375,2
LOAD,PART,WK-CP-BK-CuttingEdge-78,2
LOAD,PART,WTB-72-MnBar-375,2
LOAD,PART,WK-CP-BK-CuttingEdge-72,2
LOAD,PART,WTB-66-MnBar-375,2
LOAD,PART,WK-CP-BK-CuttingEdge-66,2
LOAD,PART,WTB-54-MnBar-375,2
LOAD,PART,WK-CP-BK-CuttingEdge-54,2
LOAD,PART,WTB-48-MnBar-375,2
LOAD,PART,WK-CP-BK-CuttingEdge-48,2
LOAD,PART,BC72 Stump Jumper,8
LOAD,PART,WK-CP-BK-54-SmoothEdge,1
