LOAD,PART,SSOL-FootSidePl,60
LOAD,PART,SSOL-TLnkBar,50
LOAD,PART,PHD-6900-TlinkCap,64
LOAD,PART,SSOL-LoHBraceLnk,39
LOAD,PART,SBXD-C2OuterLe,49
LOAD,PART,SBXD-C2OuterRt,48
LOAD,PART,PHD-6900-GBPlate,54
LOAD,PART,PF-LoHangRail,31
LOAD,PART,SSOL-LoH,25
LOAD,PART,SBXD-CtrBltPl,22
LOAD,PART,GRAP-MR-LidCylMt,26
LOAD,PART,SBLS-73-LoHInner,22
LOAD,PART,SBLS-53T-MBTltPinMtPl,10
LOAD,PART,PHD-6900-HoopLink,43
LOAD,PART,SBLS-53T-LoHOuter,11
LOAD,PART,BB12-SidePlGus,18
LOAD,PART,PLOW-UpperHBltBracket,14
LOAD,PART,PLOW-LoHLe,12
LOAD,PART,PLOW-LoHRt,9
LOAD,PART,PDLS-01-CovPl,22
LOAD,PART,SBLS-53T-HitchPinPl,6
LOAD,PART,SBLS-53T-RearPivBasePl,8
LOAD,PART,SBLS-53T-AngPlGus,7
LOAD,PART,SBLS-53T-TiltPlRiser,12
LOAD,PART,SBLS-53T-TltPinBolt Pl,7
LOAD,PART,SBLS-53T-ShftSupportPst,7
LOAD,PART,BB12-C2InnerLe,9
LOAD,PART,BB12-C2InnerRt,9
LOAD,PART,PHD-6900HD-GBPlate,16
LOAD,PART,PF-UpperHangRail,15
LOAD,PART,PDLS-01-TractorLnk,21
LOAD,PART,SBLS-73-TpLnkFrame,5
LOAD,PART,SBLS-53T-UpperHPinBr,5
LOAD,PART,BB12-C2OuterLe,8
LOAD,PART,BB12-C2OuterRt,8
LOAD,PART,BC60-TailWhlArms,8
LOAD,PART,BC60-HitchBrace,20
LOAD,PART,CPMT-AngPl,10
LOAD,PART,CPTH-TubeHBrace,8
LOAD,PART,DHLB-ArmPivPl,24
LOAD,PART,LL-LoHC2,30
LOAD,PART,PLOW-CP-PlowLeg,10
LOAD,PART,PLOW-LndSlide,10
LOAD,PART,PLOW-PlwBottLnkPl,24
LOAD,PART,PLOW-PlwLeg,20
LOAD,PART,PLOW-UpperHBr,5
LOAD,PART,PLOW-UpperHitchHorizBr,10
LOAD,PART,PLOW-UpperHitchLe,10
LOAD,PART,PLOW-UpperHitchRt,8
LOAD,PART,PHD-6900-BackBone,20
LOAD,PART,PHD-6900-TractorLink,20
LOAD,PART,PULV-ClodRollPivArm,8
LOAD,PART,PULV-ClodRollPivShftMt,12
LOAD,PART,PULV-DbleRollerBracket,4
LOAD,PART,FERR-SQASidePl,8
LOAD,PART,FERR-SQABottPl,8
LOAD,PART,FERR-BottTineInner,12
LOAD,PART,FERR-CylClaw,8
LOAD,PART,FERR-SQABottPlFixedMt,20
LOAD,PART,FERR-ClawShort,8
LOAD,PART,FERR-SQAInnerLidHng,8
LOAD,PART,SBVB-MBTltPl,10
LOAD,PART,SBXD-TltPl,8
LOAD,PART,FERR-BottTineOuter,6
LOAD,PART,GRAP-MR-LidHng,12
LOAD,PART,BB12-4075-SidePl,8
LOAD,PART,BB12-60125-SidePL,4
LOAD,PART,100HP ShankBack ,16
LOAD,PART,BB12-60125-78HB-RearAngle,1
LOAD,PART,GRAP-MR-CylMt-LAM-SING,6
LOAD,PART,BBLS-21-LoHInner,6
LOAD,PART,LLLS-51-LoH,10
LOAD,PART,FEL-HD-PFSK,4
LOAD,PART,GRAP-LG-LoOutsideTine,2
LOAD,PART,GRAP-LG-LoInnerTine,6
LOAD,PART,GRAP-LG-LidHng,4
LOAD,PART,GRAP-LG-LidTine,4
LOAD,PART,GRAP-LG-LoTineGus,14
LOAD,PART,GRAP-LG-TineSaw,8
LOAD,PART,GRAP-LG-MidTineSaw,2
LOAD,PART,SBLS-53T-FrtHydTab,6
LOAD,PART,LRLS-53T-PinCtrPl,4
LOAD,PART,LS-WRRG-66-TopTubePost,6
LOAD,PART,LS-66-JDTopHitch,8
LOAD,PART,LS-66-JDMtPl,4
LOAD,PART,PULV-LoH-CatIII,6
LOAD,PART,BC60-GrBxMtPl,3
LOAD,PART,BB12-60125-84HB-RearAngle,1
LOAD,PART,LLLS-51-LoHOuter,9
LOAD,PART,SCAR-LS-AuxLoHLatch,7
LOAD,PART,LS-66-WRRG-BottCylMnt,5
LOAD,PART,CPTH-HArmLeft,7
LOAD,PART,CPTH-HArmRight,7
LOAD,PART,PULV-LoH,3
LOAD,PART,BBLS-21-UpperHLe,4
LOAD,PART,BBLS-21-UpperHRt,4
LOAD,PART,GRAP-MR-JDLidHng,6
LOAD,PART,FEL-HD-LowerMt,2
LOAD,PART,FEL-HD-UpperHook,2
LOAD,PART,FEL-HD-WearPl,8
LOAD,PART,GRAP-MR-MtPl-JD500,2
LOAD,PART,GRAP-MR-CylMt-JD500,2
LOAD,PART,PLOW-DbleBr,8
LOAD,PART,EURO-LowerMt-LAM,2
LOAD,PART,GRAP-MR-CylMt,5
LOAD,PART,BB12-60125HB-MBBrace,13
LOAD,PART,SB2560-PivBossBack,7
LOAD,PART,PHD-7500-Backbone,8
LOAD,PART,FERR-UpperSQAMt,4
LOAD,PART,GRAP-MR-CylMt-LAM,4
LOAD,PART,PLOW-DbleLndSlide,1
LOAD,PART,SBXD-BlPivMt,5
LOAD,PART,PHD-7500-TbePivLnk,18
LOAD,PART,FERR-ClawLng,2
LOAD,PART,FERR-OuterTineGus,4
LOAD,PART,PF-JD500-UpperH,1
LOAD,PART,BU-SwgArmHydLnkMt,1
LOAD,PART,BB12-60125HB-RearAngBr,5
LOAD,PART,53T-TelTubeEndPlate,8
LOAD,PART,BB12-60125-ScarifierMtBack,5
